CREATE DATABASE LIBRARY;
USE LIBRARY;
CREATE TABLE BRANCH (BRANCH_NO INT PRIMARY KEY, MANAGER_ID INT, BRANCH_ADDRESS VARCHAR(50), CONTACT_NUMBER BIGINT);
INSERT INTO BRANCH VALUES
(100, 001, 'AAA BUILDING TRIVANDRUM', 9876543210),
(101, 002, 'BBB BUILDING ERNAKULAM', 8765432109),
(102, 003, 'CCC BUILDING KOZHIKODE', 7654321098),
(103, 004, 'DDD BUILDING KOLLAM', 6543210987),
(104, 005, 'EEE BUILDING THRISSUR', 543219876);
SELECT * FROM BRANCH;

CREATE TABLE EMPLOYEE (EMP_ID INT PRIMARY KEY, EMP_NAME VARCHAR(30), POSITION VARCHAR(30), SALARY INT);
INSERT INTO EMPLOYEE VALUES
(001, 'NAME1', 'ACCOUNTANT', 40000),
(002, 'NAME2', 'MANAGER', 40000),
(003, 'NAME3', 'CLERK', 30000),
(004, 'NAME4', 'CLERK', 30000),
(005, 'NAME5', 'SECURITY', 25000);
SELECT * FROM EMPLOYEE;

CREATE TABLE CUSTOMER (CUSTOMER_ID INT PRIMARY KEY, CUSTOMER_NAME VARCHAR(30), CUSTOMER_ADDRESS VARCHAR(30), REG_DATE DATE);
INSERT INTO CUSTOMER VALUES
(500, 'CUSTOMER1', 'AAA STREET - 15', '2020-01-10'),
(501, 'CUSTOMER2', 'BBB STREET - 08', '2020-02-03'),
(502, 'CUSTOMER3', 'CCC STREET - 35', '2020-02-25'),
(503, 'CUSTOMER4', 'DDD STREET - 12', '2020-04-17'),
(504, 'CUSTOMER5', 'EEE STREET - 22', '2020-04-24');
SELECT * FROM CUSTOMER;

CREATE TABLE BOOKS (ISBN VARCHAR(17)PRIMARY KEY, BOOK_TITLE VARCHAR(30), CATEGORY VARCHAR(30), RENTAL_PRICE INT, STATUS VARCHAR(3),
AUTHOR VARCHAR(30), PUBLISHER VARCHAR(30));
INSERT INTO BOOKS VALUES
('123-4-56-123456-1', 'THE HOBBIT','SCIENCE FICTION', 200,'YES', 'J.R.R.TOLKIEN', 'MARINER BOOKS'),
('234-5-67-234567-2', 'GONE GIRL','THRILLER', 250,'YES', 'GILLIAN FLYNN', 'BROADWAY BOOKS'),
('345-6-78-345678-3', 'THE GIRL WITH DRAGON TATTOO','THRILLER', 220,'NO', 'STIEG LARSSON', 'VINTAGE CRIME/BLACK LIZARD'),
('456-7-89-456789-4', 'THE SILENT OF THE LAMBS','THRILLER', 150,'YES', 'THOMAS HARRIS', ' ST.MARTIN PRESS'),
('567-8-90-567890-5', 'THE POWER OF HABIT','MOTIVATION', 100,'NO', 'CHARLES DUHIGG', 'RANDOM HOUSE');
SELECT * FROM BOOKS;

CREATE TABLE ISSUESTATUS(ISSUE_ID INT PRIMARY KEY, ISSUED_CUST INT, FOREIGN KEY(ISSUED_CUST) REFERENCES CUSTOMER(CUSTOMER_ID), 
ISSUED_BOOK_NAME VARCHAR(30), ISSUE_DATE DATE, ISBN_BOOK VARCHAR(30), FOREIGN KEY(ISBN_BOOK) REFERENCES BOOKS(ISBN));
INSERT INTO ISSUESTATUS VALUES
(601, 500, 'THE HOBBIT','2023-01-01','123-4-56-123456-1'),
(602, 501, 'GONE GIRL','2023-01-01','234-5-67-234567-2'),
(603, 502, 'THE GIRL WITH DRAGON TATTOO','2023-02-20','345-6-78-345678-3'),
(604, 503, 'THE SILENT OF THE LAMBS','2023-03-05','456-7-89-456789-4'),
(605, 504, 'THE POWER OF HABIT','2023-04-15','567-8-90-567890-5');
SELECT * FROM ISSUESTATUS;

CREATE TABLE RETURNSTATUS(RETURN_ID INT PRIMARY KEY, RETURN_CUST INT, RETURN_BOOK_NAME VARCHAR(30), RETURN_DATE DATE,
ISBN_BOOK2 VARCHAR(30), FOREIGN KEY(ISBN_BOOK2) REFERENCES BOOKS(ISBN));
INSERT INTO RETURNSTATUS VALUES
(701, 500, 'THE HOBBIT','2023-01-05', '123-4-56-123456-1'),
(702, 501, 'GONE GIRL', '2023-01-01','234-5-67-234567-2'),
(703, 503, 'THE SILENT OF THE LAMBS','2023-03-05','456-7-89-456789-4');
SELECT * FROM RETURNSTATUS;

SELECT BOOK_TITLE, CATEGORY, RENTAL_PRICE FROM BOOKS WHERE STATUS = 'YES';
SELECT EMP_NAME, SALARY FROM EMPLOYEE ORDER BY SALARY DESC;
SELECT ISSUED_BOOK_NAME, CUSTOMER_NAME
FROM ISSUESTATUS, CUSTOMER
WHERE ISSUESTATUS.ISSUED_CUST = CUSTOMER.CUSTOMER_ID;

SELECT COUNT(BOOK_TITLE), CATEGORY FROM BOOKS GROUP BY CATEGORY;

SELECT EMP_NAME, POSITION, SALARY FROM EMPLOYEE WHERE SALARY > 50000;

SELECT CUSTOMER_NAME, CUSTOMER_ID FROM CUSTOMER WHERE REG_DATE < '2022-01-01'
AND CUSTOMER_ID NOT IN (SELECT ISSUED_CUST FROM ISSUESTATUS);

SELECT BRANCH_NO, COUNT(MANAGER_ID) AS 'COUNT OF EMPLOYEES'
FROM BRANCH GROUP BY BRANCH_NO;

SELECT CUSTOMER_NAME, ISSUED_BOOK_NAME FROM CUSTOMER,ISSUESTATUS
WHERE CUSTOMER.CUSTOMER_ID = ISSUESTATUS.ISSUED_CUST AND ISSUE_DATE BETWEEN '2023-05-31' AND '2023-06-30';

SELECT BOOK_TITLE FROM BOOKS WHERE CATEGORY = 'HISTORY';

SELECT BRANCH.BRANCH_NO, COUNT(*) AS 'TOTAL EMPLOYEES' FROM BRANCH
JOIN EMPLOYEE ON BRANCH.MANAGER_ID = EMPLOYEE.EMP_ID GROUP BY BRANCH.BRANCH_NO HAVING COUNT(*) > 5;

